<?xml version='1.0' encoding='ASCII'?>
<report>
  <plipversion>2.4.0</plipversion>
  <bindingsite id="1" has_interactions="True">
    <identifiers>
      <longname>UNL</longname>
      <ligtype>SMALLMOLECULE</ligtype>
      <hetid>UNL</hetid>
      <chain>Z</chain>
      <position>1</position>
      <composite>False</composite>
      <members>
        <member id="1">UNL:Z:1</member>
      </members>
      <smiles>C[N]C(=O)c1c(C)oc2c1ccc(c2)Oc1ccnc2c1ccc(c2)OCCN1CCOCC1</smiles>
      <inchikey>QXFKKCWRRSJAKR-UHFFFAOYSA-N
</inchikey>
    </identifiers>
    <lig_properties>
      <num_heavy_atoms>34</num_heavy_atoms>
      <num_hbd>1</num_hbd>
      <num_unpaired_hbd>0</num_unpaired_hbd>
      <num_hba>5</num_hba>
      <num_unpaired_hba>4</num_unpaired_hba>
      <num_hal>0</num_hal>
      <num_unpaired_hal>0</num_unpaired_hal>
      <num_aromatic_rings>4</num_aromatic_rings>
      <num_rotatable_bonds>8</num_rotatable_bonds>
      <molweight>460.5017399999997</molweight>
      <logp>0.0</logp>
    </lig_properties>
    <interacting_chains>
      <interacting_chain id="1">A</interacting_chain>
    </interacting_chains>
    <bs_residues>
      <bs_residue id="1" contact="False" min_dist="6.6" aa="ALA">152A</bs_residue>
      <bs_residue id="2" contact="False" min_dist="3.5" aa="GLY">116A</bs_residue>
      <bs_residue id="3" contact="False" min_dist="3.6" aa="GLN">153A</bs_residue>
      <bs_residue id="4" contact="True" min_dist="3.5" aa="PHE">161A</bs_residue>
      <bs_residue id="5" contact="False" min_dist="6.7" aa="LEU">135A</bs_residue>
      <bs_residue id="6" contact="False" min_dist="4.6" aa="ALA">128A</bs_residue>
      <bs_residue id="7" contact="False" min_dist="6.5" aa="LEU">158A</bs_residue>
      <bs_residue id="8" contact="False" min_dist="5.2" aa="ASP">130A</bs_residue>
      <bs_residue id="9" contact="False" min_dist="3.9" aa="ARG">131A</bs_residue>
      <bs_residue id="10" contact="False" min_dist="5.4" aa="ILE">117A</bs_residue>
      <bs_residue id="11" contact="False" min_dist="3.2" aa="TRP">129A</bs_residue>
      <bs_residue id="12" contact="False" min_dist="2.8" aa="TYR">163A</bs_residue>
      <bs_residue id="13" contact="False" min_dist="6.9" aa="ALA">160A</bs_residue>
      <bs_residue id="14" contact="False" min_dist="6.1" aa="VAL">155A</bs_residue>
      <bs_residue id="15" contact="True" min_dist="3.2" aa="GLN">157A</bs_residue>
      <bs_residue id="16" contact="False" min_dist="3.2" aa="MET">126A</bs_residue>
      <bs_residue id="17" contact="True" min_dist="3.4" aa="VAL">113A</bs_residue>
      <bs_residue id="18" contact="False" min_dist="6.9" aa="CYS">118A</bs_residue>
      <bs_residue id="19" contact="False" min_dist="6.7" aa="ASP">156A</bs_residue>
      <bs_residue id="20" contact="False" min_dist="6.0" aa="VAL">125A</bs_residue>
      <bs_residue id="21" contact="False" min_dist="5.6" aa="GLY">111A</bs_residue>
      <bs_residue id="22" contact="False" min_dist="5.3" aa="THR">123A</bs_residue>
      <bs_residue id="23" contact="False" min_dist="5.6" aa="LYS">112A</bs_residue>
      <bs_residue id="24" contact="False" min_dist="6.9" aa="THR">151A</bs_residue>
      <bs_residue id="25" contact="False" min_dist="6.7" aa="LEU">110A</bs_residue>
      <bs_residue id="26" contact="False" min_dist="3.5" aa="SER">115A</bs_residue>
      <bs_residue id="27" contact="False" min_dist="4.2" aa="ILE">150A</bs_residue>
      <bs_residue id="28" contact="False" min_dist="3.7" aa="ALA">114A</bs_residue>
      <bs_residue id="29" contact="False" min_dist="6.4" aa="GLY">162A</bs_residue>
      <bs_residue id="30" contact="False" min_dist="3.7" aa="GLN">154A</bs_residue>
      <bs_residue id="31" contact="False" min_dist="7.1" aa="CYS">124A</bs_residue>
      <bs_residue id="32" contact="True" min_dist="3.3" aa="ARG">127A</bs_residue>
    </bs_residues>
    <interactions>
      <hydrophobic_interactions>
        <hydrophobic_interaction id="1">
          <resnr>113</resnr>
          <restype>VAL</restype>
          <reschain>A</reschain>
          <resnr_lig>1</resnr_lig>
          <restype_lig>UNL</restype_lig>
          <reschain_lig>Z</reschain_lig>
          <dist>3.89</dist>
          <ligcarbonidx>1623</ligcarbonidx>
          <protcarbonidx>869</protcarbonidx>
          <ligcoo>
            <x>-1.807</x>
            <y>6.447</y>
            <z>-11.459</z>
          </ligcoo>
          <protcoo>
            <x>-1.850</x>
            <y>2.651</y>
            <z>-10.591</z>
          </protcoo>
        </hydrophobic_interaction>
      </hydrophobic_interactions>
      <hydrogen_bonds>
        <hydrogen_bond id="1">
          <resnr>127</resnr>
          <restype>ARG</restype>
          <reschain>A</reschain>
          <resnr_lig>1</resnr_lig>
          <restype_lig>UNL</restype_lig>
          <reschain_lig>Z</reschain_lig>
          <sidechain>False</sidechain>
          <dist_h-a>2.46</dist_h-a>
          <dist_d-a>3.30</dist_d-a>
          <don_angle>137.16</don_angle>
          <protisdon>False</protisdon>
          <donoridx>1635</donoridx>
          <donortype>Nam</donortype>
          <acceptoridx>963</acceptoridx>
          <acceptortype>O2</acceptortype>
          <ligcoo>
            <x>0.378</x>
            <y>9.179</y>
            <z>-11.255</z>
          </ligcoo>
          <protcoo>
            <x>-1.975</x>
            <y>11.376</y>
            <z>-10.522</z>
          </protcoo>
        </hydrogen_bond>
        <hydrogen_bond id="2">
          <resnr>157</resnr>
          <restype>GLN</restype>
          <reschain>A</reschain>
          <resnr_lig>1</resnr_lig>
          <restype_lig>UNL</restype_lig>
          <reschain_lig>Z</reschain_lig>
          <sidechain>True</sidechain>
          <dist_h-a>2.65</dist_h-a>
          <dist_d-a>3.16</dist_d-a>
          <don_angle>112.30</don_angle>
          <protisdon>True</protisdon>
          <donoridx>1212</donoridx>
          <donortype>Nam</donortype>
          <acceptoridx>1615</acceptoridx>
          <acceptortype>Nar</acceptortype>
          <ligcoo>
            <x>0.755</x>
            <y>4.105</y>
            <z>-20.948</z>
          </ligcoo>
          <protcoo>
            <x>1.544</x>
            <y>1.449</y>
            <z>-19.432</z>
          </protcoo>
        </hydrogen_bond>
      </hydrogen_bonds>
      <water_bridges/>
      <salt_bridges/>
      <pi_stacks>
        <pi_stack id="1">
          <resnr>161</resnr>
          <restype>PHE</restype>
          <reschain>A</reschain>
          <resnr_lig>1</resnr_lig>
          <restype_lig>UNL</restype_lig>
          <reschain_lig>Z</reschain_lig>
          <prot_idx_list>
            <idx id="1">1241</idx>
            <idx id="2">1242</idx>
            <idx id="3">1243</idx>
            <idx id="4">1244</idx>
            <idx id="5">1245</idx>
            <idx id="6">1246</idx>
          </prot_idx_list>
          <centdist>4.04</centdist>
          <angle>17.22</angle>
          <offset>1.28</offset>
          <type>P</type>
          <lig_idx_list>
            <idx id="1">1624</idx>
            <idx id="2">1625</idx>
            <idx id="3">1626</idx>
            <idx id="4">1631</idx>
            <idx id="5">1632</idx>
          </lig_idx_list>
          <ligcoo>
            <x>-0.964</x>
            <y>7.076</y>
            <z>-13.863</z>
          </ligcoo>
          <protcoo>
            <x>1.897</x>
            <y>4.384</y>
            <z>-14.810</z>
          </protcoo>
        </pi_stack>
        <pi_stack id="2">
          <resnr>161</resnr>
          <restype>PHE</restype>
          <reschain>A</reschain>
          <resnr_lig>1</resnr_lig>
          <restype_lig>UNL</restype_lig>
          <reschain_lig>Z</reschain_lig>
          <prot_idx_list>
            <idx id="1">1241</idx>
            <idx id="2">1242</idx>
            <idx id="3">1243</idx>
            <idx id="4">1244</idx>
            <idx id="5">1245</idx>
            <idx id="6">1246</idx>
          </prot_idx_list>
          <centdist>3.97</centdist>
          <angle>17.59</angle>
          <offset>1.07</offset>
          <type>P</type>
          <lig_idx_list>
            <idx id="1">1626</idx>
            <idx id="2">1627</idx>
            <idx id="3">1628</idx>
            <idx id="4">1629</idx>
            <idx id="5">1630</idx>
            <idx id="6">1631</idx>
          </lig_idx_list>
          <ligcoo>
            <x>-0.367</x>
            <y>7.470</y>
            <z>-15.855</z>
          </ligcoo>
          <protcoo>
            <x>1.897</x>
            <y>4.384</y>
            <z>-14.810</z>
          </protcoo>
        </pi_stack>
      </pi_stacks>
      <pi_cation_interactions>
        <pi_cation_interaction id="1">
          <resnr>127</resnr>
          <restype>ARG</restype>
          <reschain>A</reschain>
          <prot_idx_list>
            <idx id="1">967</idx>
            <idx id="2">969</idx>
            <idx id="3">970</idx>
          </prot_idx_list>
          <resnr_lig>1</resnr_lig>
          <restype_lig>UNL</restype_lig>
          <reschain_lig>Z</reschain_lig>
          <dist>4.93</dist>
          <offset>1.89</offset>
          <protcharged>True</protcharged>
          <lig_group>Aromatic</lig_group>
          <lig_idx_list>
            <idx id="1">1624</idx>
            <idx id="2">1625</idx>
            <idx id="3">1626</idx>
            <idx id="4">1631</idx>
            <idx id="5">1632</idx>
          </lig_idx_list>
          <ligcoo>
            <x>-0.964</x>
            <y>7.076</y>
            <z>-13.863</z>
          </ligcoo>
          <protcoo>
            <x>-4.504</x>
            <y>10.260</y>
            <z>-15.145</z>
          </protcoo>
        </pi_cation_interaction>
      </pi_cation_interactions>
      <halogen_bonds/>
      <metal_complexes/>
    </interactions>
    <mappings>
      <smiles_to_pdb>15:1612,16:1613,17:1614,18:1615,19:1616,20:1617,21:1618,22:1619,23:1620,24:1621,14:1622,6:1623,5:1624,4:1625,9:1626,10:1627,11:1628,12:1629,13:1630,8:1631,7:1632,3:1633,34:1634,2:1635,1:1636,25:1638,26:1639,27:1640,28:1641,29:1642,30:1643,31:1644,32:1645,33:1646</smiles_to_pdb>
    </mappings>
  </bindingsite>
  <bindingsite id="2" has_interactions="True">
    <identifiers>
      <longname>l02</longname>
      <ligtype>SMALLMOLECULE</ligtype>
      <hetid>l02</hetid>
      <chain>C</chain>
      <position>1</position>
      <composite>False</composite>
      <members>
        <member id="1">l02:C:1</member>
      </members>
      <smiles>O[C@H]([C@@H]([C@@H](COP(=O)(O)O)O)O)CN1C2=C[C@H](C)C(=CC2=[N]=C2C1=[N]=[C](=O)=[N]=[C]2=O)C</smiles>
      <inchikey>BYQBWSUSWGDNTE-ROXZZAAPSA-N
</inchikey>
    </identifiers>
    <lig_properties>
      <num_heavy_atoms>31</num_heavy_atoms>
      <num_hbd>5</num_hbd>
      <num_unpaired_hbd>4</num_unpaired_hbd>
      <num_hba>12</num_hba>
      <num_unpaired_hba>8</num_unpaired_hba>
      <num_hal>0</num_hal>
      <num_unpaired_hal>0</num_unpaired_hal>
      <num_aromatic_rings>3</num_aromatic_rings>
      <num_rotatable_bonds>7</num_rotatable_bonds>
      <molweight>456.34380099999987</molweight>
      <logp>0.0</logp>
    </lig_properties>
    <interacting_chains>
      <interacting_chain id="1">A</interacting_chain>
    </interacting_chains>
    <bs_residues>
      <bs_residue id="1" contact="True" min_dist="3.6" aa="PHE">61A</bs_residue>
      <bs_residue id="2" contact="False" min_dist="4.7" aa="ALA">31A</bs_residue>
      <bs_residue id="3" contact="False" min_dist="3.6" aa="ARG">57A</bs_residue>
      <bs_residue id="4" contact="False" min_dist="7.5" aa="ALA">182A</bs_residue>
      <bs_residue id="5" contact="False" min_dist="4.5" aa="ALA">58A</bs_residue>
      <bs_residue id="6" contact="False" min_dist="6.5" aa="PRO">104A</bs_residue>
      <bs_residue id="7" contact="True" min_dist="2.8" aa="ALA">107A</bs_residue>
      <bs_residue id="8" contact="False" min_dist="3.9" aa="MET">145A</bs_residue>
      <bs_residue id="9" contact="False" min_dist="5.9" aa="GLY">181A</bs_residue>
      <bs_residue id="10" contact="False" min_dist="7.0" aa="LEU">122A</bs_residue>
      <bs_residue id="11" contact="True" min_dist="2.6" aa="THR">109A</bs_residue>
      <bs_residue id="12" contact="False" min_dist="4.2" aa="ASN">120A</bs_residue>
      <bs_residue id="13" contact="True" min_dist="3.3" aa="VAL">30A</bs_residue>
      <bs_residue id="14" contact="False" min_dist="7.3" aa="LEU">173A</bs_residue>
      <bs_residue id="15" contact="False" min_dist="7.2" aa="HIS">60A</bs_residue>
      <bs_residue id="16" contact="False" min_dist="5.4" aa="VAL">26A</bs_residue>
      <bs_residue id="17" contact="False" min_dist="7.2" aa="PRO">139A</bs_residue>
      <bs_residue id="18" contact="True" min_dist="2.7" aa="THR">55A</bs_residue>
      <bs_residue id="19" contact="False" min_dist="3.3" aa="MET">141A</bs_residue>
      <bs_residue id="20" contact="True" min_dist="2.5" aa="GLY">28A</bs_residue>
      <bs_residue id="21" contact="False" min_dist="7.5" aa="MET">183A</bs_residue>
      <bs_residue id="22" contact="False" min_dist="7.3" aa="LYS">59A</bs_residue>
      <bs_residue id="23" contact="False" min_dist="2.9" aa="ALA">140A</bs_residue>
      <bs_residue id="24" contact="False" min_dist="5.2" aa="GLU">56A</bs_residue>
      <bs_residue id="25" contact="False" min_dist="4.8" aa="LYS">112A</bs_residue>
      <bs_residue id="26" contact="False" min_dist="6.2" aa="LEU">110A</bs_residue>
      <bs_residue id="27" contact="True" min_dist="3.0" aa="ASN">108A</bs_residue>
      <bs_residue id="28" contact="False" min_dist="4.5" aa="ASN">142A</bs_residue>
      <bs_residue id="29" contact="False" min_dist="6.9" aa="THR">54A</bs_residue>
      <bs_residue id="30" contact="False" min_dist="5.6" aa="LEU">105A</bs_residue>
      <bs_residue id="31" contact="False" min_dist="5.4" aa="VAL">174A</bs_residue>
      <bs_residue id="32" contact="False" min_dist="3.6" aa="THR">27A</bs_residue>
      <bs_residue id="33" contact="True" min_dist="3.1" aa="ASP">106A</bs_residue>
      <bs_residue id="34" contact="False" min_dist="6.8" aa="ALA">32A</bs_residue>
      <bs_residue id="35" contact="False" min_dist="2.8" aa="SER">29A</bs_residue>
    </bs_residues>
    <interactions>
      <hydrophobic_interactions>
        <hydrophobic_interaction id="1">
          <resnr>61</resnr>
          <restype>PHE</restype>
          <reschain>A</reschain>
          <resnr_lig>1</resnr_lig>
          <restype_lig>l02</restype_lig>
          <reschain_lig>C</reschain_lig>
          <dist>3.92</dist>
          <ligcarbonidx>1598</ligcarbonidx>
          <protcarbonidx>445</protcarbonidx>
          <ligcoo>
            <x>-14.024</x>
            <y>-13.623</y>
            <z>-0.436</z>
          </ligcoo>
          <protcoo>
            <x>-12.484</x>
            <y>-10.817</y>
            <z>1.826</z>
          </protcoo>
        </hydrophobic_interaction>
        <hydrophobic_interaction id="2">
          <resnr>61</resnr>
          <restype>PHE</restype>
          <reschain>A</reschain>
          <resnr_lig>1</resnr_lig>
          <restype_lig>l02</restype_lig>
          <reschain_lig>C</reschain_lig>
          <dist>3.63</dist>
          <ligcarbonidx>1594</ligcarbonidx>
          <protcarbonidx>446</protcarbonidx>
          <ligcoo>
            <x>-12.024</x>
            <y>-12.711</y>
            <z>-1.651</z>
          </ligcoo>
          <protcoo>
            <x>-12.520</x>
            <y>-9.998</y>
            <z>0.716</z>
          </protcoo>
        </hydrophobic_interaction>
      </hydrophobic_interactions>
      <hydrogen_bonds>
        <hydrogen_bond id="1">
          <resnr>28</resnr>
          <restype>GLY</restype>
          <reschain>A</reschain>
          <resnr_lig>1</resnr_lig>
          <restype_lig>l02</restype_lig>
          <reschain_lig>C</reschain_lig>
          <sidechain>False</sidechain>
          <dist_h-a>1.79</dist_h-a>
          <dist_d-a>2.63</dist_d-a>
          <don_angle>140.22</don_angle>
          <protisdon>True</protisdon>
          <donoridx>195</donoridx>
          <donortype>Nam</donortype>
          <acceptoridx>1603</acceptoridx>
          <acceptortype>O3</acceptortype>
          <ligcoo>
            <x>-10.946</x>
            <y>-3.058</y>
            <z>-3.647</z>
          </ligcoo>
          <protcoo>
            <x>-9.647</x>
            <y>-4.666</y>
            <z>-2.025</z>
          </protcoo>
        </hydrogen_bond>
        <hydrogen_bond id="2">
          <resnr>30</resnr>
          <restype>VAL</restype>
          <reschain>A</reschain>
          <resnr_lig>1</resnr_lig>
          <restype_lig>l02</restype_lig>
          <reschain_lig>C</reschain_lig>
          <sidechain>False</sidechain>
          <dist_h-a>2.41</dist_h-a>
          <dist_d-a>3.28</dist_d-a>
          <don_angle>146.14</don_angle>
          <protisdon>True</protisdon>
          <donoridx>205</donoridx>
          <donortype>Nam</donortype>
          <acceptoridx>1589</acceptoridx>
          <acceptortype>N2</acceptortype>
          <ligcoo>
            <x>-10.020</x>
            <y>-11.920</y>
            <z>-2.746</z>
          </ligcoo>
          <protcoo>
            <x>-8.521</x>
            <y>-10.688</y>
            <z>-0.104</z>
          </protcoo>
        </hydrogen_bond>
        <hydrogen_bond id="3">
          <resnr>55</resnr>
          <restype>THR</restype>
          <reschain>A</reschain>
          <resnr_lig>1</resnr_lig>
          <restype_lig>l02</restype_lig>
          <reschain_lig>C</reschain_lig>
          <sidechain>True</sidechain>
          <dist_h-a>1.74</dist_h-a>
          <dist_d-a>2.70</dist_d-a>
          <don_angle>166.65</don_angle>
          <protisdon>True</protisdon>
          <donoridx>391</donoridx>
          <donortype>O3</donortype>
          <acceptoridx>1603</acceptoridx>
          <acceptortype>O3</acceptortype>
          <ligcoo>
            <x>-10.946</x>
            <y>-3.058</y>
            <z>-3.647</z>
          </ligcoo>
          <protcoo>
            <x>-11.058</x>
            <y>-1.441</y>
            <z>-1.492</z>
          </protcoo>
        </hydrogen_bond>
        <hydrogen_bond id="4">
          <resnr>106</resnr>
          <restype>ASP</restype>
          <reschain>A</reschain>
          <resnr_lig>1</resnr_lig>
          <restype_lig>l02</restype_lig>
          <reschain_lig>C</reschain_lig>
          <sidechain>True</sidechain>
          <dist_h-a>2.22</dist_h-a>
          <dist_d-a>3.10</dist_d-a>
          <don_angle>149.12</don_angle>
          <protisdon>False</protisdon>
          <donoridx>1603</donoridx>
          <donortype>O3</donortype>
          <acceptoridx>822</acceptoridx>
          <acceptortype>O3</acceptortype>
          <ligcoo>
            <x>-10.946</x>
            <y>-3.058</y>
            <z>-3.647</z>
          </ligcoo>
          <protcoo>
            <x>-9.216</x>
            <y>-5.355</y>
            <z>-4.793</z>
          </protcoo>
        </hydrogen_bond>
        <hydrogen_bond id="5">
          <resnr>107</resnr>
          <restype>ALA</restype>
          <reschain>A</reschain>
          <resnr_lig>1</resnr_lig>
          <restype_lig>l02</restype_lig>
          <reschain_lig>C</reschain_lig>
          <sidechain>False</sidechain>
          <dist_h-a>1.85</dist_h-a>
          <dist_d-a>2.84</dist_d-a>
          <don_angle>175.10</don_angle>
          <protisdon>True</protisdon>
          <donoridx>823</donoridx>
          <donortype>Nam</donortype>
          <acceptoridx>1584</acceptoridx>
          <acceptortype>O2</acceptortype>
          <ligcoo>
            <x>-7.756</x>
            <y>-9.414</y>
            <z>-6.926</z>
          </ligcoo>
          <protcoo>
            <x>-6.437</x>
            <y>-7.257</y>
            <z>-8.210</z>
          </protcoo>
        </hydrogen_bond>
        <hydrogen_bond id="6">
          <resnr>108</resnr>
          <restype>ASN</restype>
          <reschain>A</reschain>
          <resnr_lig>1</resnr_lig>
          <restype_lig>l02</restype_lig>
          <reschain_lig>C</reschain_lig>
          <sidechain>True</sidechain>
          <dist_h-a>2.09</dist_h-a>
          <dist_d-a>3.04</dist_d-a>
          <don_angle>160.71</don_angle>
          <protisdon>True</protisdon>
          <donoridx>834</donoridx>
          <donortype>Nam</donortype>
          <acceptoridx>1599</acceptoridx>
          <acceptortype>O2</acceptortype>
          <ligcoo>
            <x>-10.461</x>
            <y>-2.889</y>
            <z>-6.129</z>
          </ligcoo>
          <protcoo>
            <x>-11.981</x>
            <y>-2.800</y>
            <z>-8.755</z>
          </protcoo>
        </hydrogen_bond>
        <hydrogen_bond id="7">
          <resnr>109</resnr>
          <restype>THR</restype>
          <reschain>A</reschain>
          <resnr_lig>1</resnr_lig>
          <restype_lig>l02</restype_lig>
          <reschain_lig>C</reschain_lig>
          <sidechain>False</sidechain>
          <dist_h-a>3.17</dist_h-a>
          <dist_d-a>3.61</dist_d-a>
          <don_angle>108.74</don_angle>
          <protisdon>True</protisdon>
          <donoridx>836</donoridx>
          <donortype>Nam</donortype>
          <acceptoridx>1599</acceptoridx>
          <acceptortype>O2</acceptortype>
          <ligcoo>
            <x>-10.461</x>
            <y>-2.889</y>
            <z>-6.129</z>
          </ligcoo>
          <protcoo>
            <x>-7.996</x>
            <y>-3.017</y>
            <z>-8.767</z>
          </protcoo>
        </hydrogen_bond>
        <hydrogen_bond id="8">
          <resnr>109</resnr>
          <restype>THR</restype>
          <reschain>A</reschain>
          <resnr_lig>1</resnr_lig>
          <restype_lig>l02</restype_lig>
          <reschain_lig>C</reschain_lig>
          <sidechain>True</sidechain>
          <dist_h-a>1.81</dist_h-a>
          <dist_d-a>2.61</dist_d-a>
          <don_angle>137.78</don_angle>
          <protisdon>True</protisdon>
          <donoridx>842</donoridx>
          <donortype>O3</donortype>
          <acceptoridx>1599</acceptoridx>
          <acceptortype>O2</acceptortype>
          <ligcoo>
            <x>-10.461</x>
            <y>-2.889</y>
            <z>-6.129</z>
          </ligcoo>
          <protcoo>
            <x>-8.364</x>
            <y>-1.363</y>
            <z>-6.449</z>
          </protcoo>
        </hydrogen_bond>
      </hydrogen_bonds>
      <water_bridges/>
      <salt_bridges/>
      <pi_stacks/>
      <pi_cation_interactions/>
      <halogen_bonds/>
      <metal_complexes/>
    </interactions>
    <mappings>
      <smiles_to_pdb>16:1581,2:1582,8:1583,1:1584,4:1585,3:1586,5:1587,6:1588,25:1589,22:1590,24:1591,9:1592,21:1593,26:1594,20:1595,27:1596,15:1597,31:1598,17:1599,28:1600,18:1601,30:1602,19:1603,29:1604,23:1605,7:1606,10:1607,11:1608,12:1609,13:1610,14:1611</smiles_to_pdb>
    </mappings>
  </bindingsite>
  <date_of_creation>2025/08/07</date_of_creation>
  <citation_information>Adasme,M. et al. PLIP 2021: expanding the scope of the protein-ligand interaction profiler to DNA and RNA. Nucl. Acids Res. (05 May 2021), gkab294. doi: 10.1093/nar/gkab294</citation_information>
  <maintainer_information>PharmAI GmbH (2020-2021) - www.pharm.ai - hello@pharm.ai</maintainer_information>
  <mode>default</mode>
  <pdbid>_PROTEIN</pdbid>
  <model>1</model>
  <filetype>PDB</filetype>
  <pdbfile>./plipfixed.00J_docked_complex_99m9_eks.pdb</pdbfile>
  <pdbfixes>True</pdbfixes>
  <filename>plipfixed.00J_docked_complex_99m9_eks.pdb</filename>
  <excluded_ligands/>
  <covlinkages/>
</report>
