<?xml version='1.0' encoding='ASCII'?>
<report>
  <plipversion>2.4.0</plipversion>
  <bindingsite id="1" has_interactions="True">
    <identifiers>
      <longname>UNL</longname>
      <ligtype>SMALLMOLECULE</ligtype>
      <hetid>UNL</hetid>
      <chain>Z</chain>
      <position>1</position>
      <composite>False</composite>
      <members>
        <member id="1">UNL:Z:1</member>
      </members>
      <smiles>[O]C(=O)[C@H]([C@@H]1[N][C@H](C(S1)(C)C)C(=O)[O])[N]C(=O)c1c(C)onc1c1ccccc1</smiles>
      <inchikey>YMOMSDUVPJSSTQ-OFQRWUPVSA-N
</inchikey>
    </identifiers>
    <lig_properties>
      <num_heavy_atoms>29</num_heavy_atoms>
      <num_hbd>4</num_hbd>
      <num_unpaired_hbd>1</num_unpaired_hbd>
      <num_hba>7</num_hba>
      <num_unpaired_hba>3</num_unpaired_hba>
      <num_hal>0</num_hal>
      <num_unpaired_hal>0</num_unpaired_hal>
      <num_aromatic_rings>2</num_aromatic_rings>
      <num_rotatable_bonds>7</num_rotatable_bonds>
      <molweight>415.4197799999999</molweight>
      <logp>0.0</logp>
    </lig_properties>
    <interacting_chains>
      <interacting_chain id="1">A</interacting_chain>
    </interacting_chains>
    <bs_residues>
      <bs_residue id="1" contact="False" min_dist="4.8" aa="ALA">114A</bs_residue>
      <bs_residue id="2" contact="False" min_dist="6.3" aa="ARG">94A</bs_residue>
      <bs_residue id="3" contact="False" min_dist="3.7" aa="ARG">131A</bs_residue>
      <bs_residue id="4" contact="False" min_dist="4.7" aa="THR">123A</bs_residue>
      <bs_residue id="5" contact="False" min_dist="4.6" aa="SER">115A</bs_residue>
      <bs_residue id="6" contact="False" min_dist="6.1" aa="GLN">157A</bs_residue>
      <bs_residue id="7" contact="True" min_dist="3.2" aa="TRP">129A</bs_residue>
      <bs_residue id="8" contact="True" min_dist="2.8" aa="ARG">127A</bs_residue>
      <bs_residue id="9" contact="False" min_dist="4.5" aa="ILE">117A</bs_residue>
      <bs_residue id="10" contact="False" min_dist="5.8" aa="CYS">118A</bs_residue>
      <bs_residue id="11" contact="True" min_dist="3.3" aa="VAL">113A</bs_residue>
      <bs_residue id="12" contact="False" min_dist="6.9" aa="GLY">162A</bs_residue>
      <bs_residue id="13" contact="True" min_dist="2.7" aa="TYR">163A</bs_residue>
      <bs_residue id="14" contact="False" min_dist="5.5" aa="VAL">125A</bs_residue>
      <bs_residue id="15" contact="True" min_dist="3.5" aa="PHE">161A</bs_residue>
      <bs_residue id="16" contact="False" min_dist="6.8" aa="CYS">124A</bs_residue>
      <bs_residue id="17" contact="False" min_dist="6.6" aa="ALA">160A</bs_residue>
      <bs_residue id="18" contact="False" min_dist="6.5" aa="LEU">158A</bs_residue>
      <bs_residue id="19" contact="True" min_dist="3.0" aa="MET">126A</bs_residue>
      <bs_residue id="20" contact="False" min_dist="5.1" aa="ASP">130A</bs_residue>
      <bs_residue id="21" contact="False" min_dist="3.2" aa="GLY">116A</bs_residue>
      <bs_residue id="22" contact="False" min_dist="6.2" aa="LEU">135A</bs_residue>
      <bs_residue id="23" contact="False" min_dist="3.9" aa="ALA">128A</bs_residue>
    </bs_residues>
    <interactions>
      <hydrophobic_interactions>
        <hydrophobic_interaction id="1">
          <resnr>113</resnr>
          <restype>VAL</restype>
          <reschain>A</reschain>
          <resnr_lig>1</resnr_lig>
          <restype_lig>UNL</restype_lig>
          <reschain_lig>Z</reschain_lig>
          <dist>3.32</dist>
          <ligcarbonidx>1638</ligcarbonidx>
          <protcarbonidx>869</protcarbonidx>
          <ligcoo>
            <x>-2.286</x>
            <y>5.936</y>
            <z>-10.810</z>
          </ligcoo>
          <protcoo>
            <x>-1.850</x>
            <y>2.651</y>
            <z>-10.591</z>
          </protcoo>
        </hydrophobic_interaction>
        <hydrophobic_interaction id="2">
          <resnr>126</resnr>
          <restype>MET</restype>
          <reschain>A</reschain>
          <resnr_lig>1</resnr_lig>
          <restype_lig>UNL</restype_lig>
          <reschain_lig>Z</reschain_lig>
          <dist>3.78</dist>
          <ligcarbonidx>1638</ligcarbonidx>
          <protcarbonidx>956</protcarbonidx>
          <ligcoo>
            <x>-2.286</x>
            <y>5.936</y>
            <z>-10.810</z>
          </ligcoo>
          <protcoo>
            <x>-2.570</x>
            <y>5.941</y>
            <z>-7.036</z>
          </protcoo>
        </hydrophobic_interaction>
        <hydrophobic_interaction id="3">
          <resnr>127</resnr>
          <restype>ARG</restype>
          <reschain>A</reschain>
          <resnr_lig>1</resnr_lig>
          <restype_lig>UNL</restype_lig>
          <reschain_lig>Z</reschain_lig>
          <dist>3.94</dist>
          <ligcarbonidx>1639</ligcarbonidx>
          <protcarbonidx>964</protcarbonidx>
          <ligcoo>
            <x>-3.263</x>
            <y>6.104</y>
            <z>-11.794</z>
          </ligcoo>
          <protcoo>
            <x>-4.615</x>
            <y>9.569</y>
            <z>-10.495</z>
          </protcoo>
        </hydrophobic_interaction>
        <hydrophobic_interaction id="4">
          <resnr>161</resnr>
          <restype>PHE</restype>
          <reschain>A</reschain>
          <resnr_lig>1</resnr_lig>
          <restype_lig>UNL</restype_lig>
          <reschain_lig>Z</reschain_lig>
          <dist>3.53</dist>
          <ligcarbonidx>1636</ligcarbonidx>
          <protcarbonidx>1244</protcarbonidx>
          <ligcoo>
            <x>-0.567</x>
            <y>6.508</y>
            <z>-12.419</z>
          </ligcoo>
          <protcoo>
            <x>0.697</x>
            <y>3.852</y>
            <z>-14.365</z>
          </protcoo>
        </hydrophobic_interaction>
        <hydrophobic_interaction id="5">
          <resnr>163</resnr>
          <restype>TYR</restype>
          <reschain>A</reschain>
          <resnr_lig>1</resnr_lig>
          <restype_lig>UNL</restype_lig>
          <reschain_lig>Z</reschain_lig>
          <dist>3.79</dist>
          <ligcarbonidx>1637</ligcarbonidx>
          <protcarbonidx>1259</protcarbonidx>
          <ligcoo>
            <x>-0.939</x>
            <y>6.141</y>
            <z>-11.121</z>
          </ligcoo>
          <protcoo>
            <x>1.813</x>
            <y>3.994</y>
            <z>-9.639</z>
          </protcoo>
        </hydrophobic_interaction>
      </hydrophobic_interactions>
      <hydrogen_bonds>
        <hydrogen_bond id="1">
          <resnr>126</resnr>
          <restype>MET</restype>
          <reschain>A</reschain>
          <resnr_lig>1</resnr_lig>
          <restype_lig>UNL</restype_lig>
          <reschain_lig>Z</reschain_lig>
          <sidechain>False</sidechain>
          <dist_h-a>2.28</dist_h-a>
          <dist_d-a>2.96</dist_d-a>
          <don_angle>123.35</don_angle>
          <protisdon>False</protisdon>
          <donoridx>1643</donoridx>
          <donortype>O.co2</donortype>
          <acceptoridx>955</acceptoridx>
          <acceptortype>O2</acceptortype>
          <ligcoo>
            <x>0.677</x>
            <y>10.182</y>
            <z>-10.192</z>
          </ligcoo>
          <protcoo>
            <x>-1.056</x>
            <y>8.454</y>
            <z>-8.522</z>
          </protcoo>
        </hydrogen_bond>
        <hydrogen_bond id="2">
          <resnr>127</resnr>
          <restype>ARG</restype>
          <reschain>A</reschain>
          <resnr_lig>1</resnr_lig>
          <restype_lig>UNL</restype_lig>
          <reschain_lig>Z</reschain_lig>
          <sidechain>True</sidechain>
          <dist_h-a>3.25</dist_h-a>
          <dist_d-a>4.08</dist_d-a>
          <don_angle>136.77</don_angle>
          <protisdon>False</protisdon>
          <donoridx>1614</donoridx>
          <donortype>N3</donortype>
          <acceptoridx>967</acceptoridx>
          <acceptortype>Ng+</acceptortype>
          <ligcoo>
            <x>-0.460</x>
            <y>12.068</y>
            <z>-12.828</z>
          </ligcoo>
          <protcoo>
            <x>-3.688</x>
            <y>9.954</y>
            <z>-14.150</z>
          </protcoo>
        </hydrogen_bond>
        <hydrogen_bond id="3">
          <resnr>129</resnr>
          <restype>TRP</restype>
          <reschain>A</reschain>
          <resnr_lig>1</resnr_lig>
          <restype_lig>UNL</restype_lig>
          <reschain_lig>Z</reschain_lig>
          <sidechain>False</sidechain>
          <dist_h-a>2.68</dist_h-a>
          <dist_d-a>3.17</dist_d-a>
          <don_angle>110.89</don_angle>
          <protisdon>True</protisdon>
          <donoridx>976</donoridx>
          <donortype>Nam</donortype>
          <acceptoridx>1643</acceptoridx>
          <acceptortype>O.co2</acceptortype>
          <ligcoo>
            <x>0.677</x>
            <y>10.182</y>
            <z>-10.192</z>
          </ligcoo>
          <protcoo>
            <x>-0.266</x>
            <y>11.374</y>
            <z>-7.411</z>
          </protcoo>
        </hydrogen_bond>
      </hydrogen_bonds>
      <water_bridges/>
      <salt_bridges>
        <salt_bridge id="1">
          <resnr>127</resnr>
          <restype>ARG</restype>
          <reschain>A</reschain>
          <prot_idx_list>
            <idx id="1">967</idx>
            <idx id="2">969</idx>
            <idx id="3">970</idx>
          </prot_idx_list>
          <resnr_lig>1</resnr_lig>
          <restype_lig>UNL</restype_lig>
          <reschain_lig>Z</reschain_lig>
          <dist>3.61</dist>
          <protispos>True</protispos>
          <lig_group>Carboxylate</lig_group>
          <lig_idx_list>
            <idx id="1">1622</idx>
            <idx id="2">1623</idx>
          </lig_idx_list>
          <ligcoo>
            <x>-2.485</x>
            <y>13.213</y>
            <z>-14.702</z>
          </ligcoo>
          <protcoo>
            <x>-4.504</x>
            <y>10.260</y>
            <z>-15.145</z>
          </protcoo>
        </salt_bridge>
      </salt_bridges>
      <pi_stacks>
        <pi_stack id="1">
          <resnr>161</resnr>
          <restype>PHE</restype>
          <reschain>A</reschain>
          <resnr_lig>1</resnr_lig>
          <restype_lig>UNL</restype_lig>
          <reschain_lig>Z</reschain_lig>
          <prot_idx_list>
            <idx id="1">1241</idx>
            <idx id="2">1242</idx>
            <idx id="3">1243</idx>
            <idx id="4">1244</idx>
            <idx id="5">1245</idx>
            <idx id="6">1246</idx>
          </prot_idx_list>
          <centdist>4.12</centdist>
          <angle>18.66</angle>
          <offset>1.29</offset>
          <type>P</type>
          <lig_idx_list>
            <idx id="1">1630</idx>
            <idx id="2">1631</idx>
            <idx id="3">1632</idx>
            <idx id="4">1633</idx>
            <idx id="5">1634</idx>
          </lig_idx_list>
          <ligcoo>
            <x>-0.838</x>
            <y>7.283</y>
            <z>-15.860</z>
          </ligcoo>
          <protcoo>
            <x>1.897</x>
            <y>4.384</y>
            <z>-14.810</z>
          </protcoo>
        </pi_stack>
      </pi_stacks>
      <pi_cation_interactions>
        <pi_cation_interaction id="1">
          <resnr>127</resnr>
          <restype>ARG</restype>
          <reschain>A</reschain>
          <prot_idx_list>
            <idx id="1">967</idx>
            <idx id="2">969</idx>
            <idx id="3">970</idx>
          </prot_idx_list>
          <resnr_lig>1</resnr_lig>
          <restype_lig>UNL</restype_lig>
          <reschain_lig>Z</reschain_lig>
          <dist>4.78</dist>
          <offset>1.51</offset>
          <protcharged>True</protcharged>
          <lig_group>Aromatic</lig_group>
          <lig_idx_list>
            <idx id="1">1630</idx>
            <idx id="2">1631</idx>
            <idx id="3">1632</idx>
            <idx id="4">1633</idx>
            <idx id="5">1634</idx>
          </lig_idx_list>
          <ligcoo>
            <x>-0.838</x>
            <y>7.283</y>
            <z>-15.860</z>
          </ligcoo>
          <protcoo>
            <x>-4.504</x>
            <y>10.260</y>
            <z>-15.145</z>
          </protcoo>
        </pi_cation_interaction>
      </pi_cation_interactions>
      <halogen_bonds/>
      <metal_complexes/>
    </interactions>
    <mappings>
      <smiles_to_pdb>3:1612,4:1613,5:1614,6:1615,7:1616,8:1617,9:1618,10:1619,11:1621,12:1622,13:1623,15:1625,28:1626,14:1627,18:1629,17:1630,16:1631,21:1632,20:1633,19:1634,22:1635,23:1636,24:1637,25:1638,26:1639,27:1640,2:1641,1:1642,29:1643</smiles_to_pdb>
    </mappings>
  </bindingsite>
  <bindingsite id="2" has_interactions="True">
    <identifiers>
      <longname>l02</longname>
      <ligtype>SMALLMOLECULE</ligtype>
      <hetid>l02</hetid>
      <chain>C</chain>
      <position>1</position>
      <composite>False</composite>
      <members>
        <member id="1">l02:C:1</member>
      </members>
      <smiles>O[C@H]([C@@H]([C@@H](COP(=O)(O)O)O)O)CN1C2=C[C@H](C)C(=CC2=[N]=C2C1=[N]=[C](=O)=[N]=[C]2=O)C</smiles>
      <inchikey>BYQBWSUSWGDNTE-ROXZZAAPSA-N
</inchikey>
    </identifiers>
    <lig_properties>
      <num_heavy_atoms>31</num_heavy_atoms>
      <num_hbd>5</num_hbd>
      <num_unpaired_hbd>4</num_unpaired_hbd>
      <num_hba>12</num_hba>
      <num_unpaired_hba>8</num_unpaired_hba>
      <num_hal>0</num_hal>
      <num_unpaired_hal>0</num_unpaired_hal>
      <num_aromatic_rings>3</num_aromatic_rings>
      <num_rotatable_bonds>7</num_rotatable_bonds>
      <molweight>456.34380099999987</molweight>
      <logp>0.0</logp>
    </lig_properties>
    <interacting_chains>
      <interacting_chain id="1">A</interacting_chain>
    </interacting_chains>
    <bs_residues>
      <bs_residue id="1" contact="False" min_dist="4.5" aa="ASN">142A</bs_residue>
      <bs_residue id="2" contact="False" min_dist="7.5" aa="ALA">182A</bs_residue>
      <bs_residue id="3" contact="True" min_dist="2.7" aa="THR">55A</bs_residue>
      <bs_residue id="4" contact="False" min_dist="6.8" aa="ALA">32A</bs_residue>
      <bs_residue id="5" contact="False" min_dist="5.4" aa="VAL">174A</bs_residue>
      <bs_residue id="6" contact="False" min_dist="4.7" aa="ALA">31A</bs_residue>
      <bs_residue id="7" contact="True" min_dist="3.6" aa="PHE">61A</bs_residue>
      <bs_residue id="8" contact="False" min_dist="6.2" aa="LEU">110A</bs_residue>
      <bs_residue id="9" contact="False" min_dist="5.4" aa="VAL">26A</bs_residue>
      <bs_residue id="10" contact="False" min_dist="3.3" aa="MET">141A</bs_residue>
      <bs_residue id="11" contact="False" min_dist="5.9" aa="GLY">181A</bs_residue>
      <bs_residue id="12" contact="False" min_dist="3.6" aa="ARG">57A</bs_residue>
      <bs_residue id="13" contact="False" min_dist="3.6" aa="THR">27A</bs_residue>
      <bs_residue id="14" contact="False" min_dist="7.2" aa="HIS">60A</bs_residue>
      <bs_residue id="15" contact="False" min_dist="7.5" aa="MET">183A</bs_residue>
      <bs_residue id="16" contact="False" min_dist="7.0" aa="LEU">122A</bs_residue>
      <bs_residue id="17" contact="False" min_dist="7.3" aa="LEU">173A</bs_residue>
      <bs_residue id="18" contact="False" min_dist="4.5" aa="ALA">58A</bs_residue>
      <bs_residue id="19" contact="False" min_dist="4.2" aa="ASN">120A</bs_residue>
      <bs_residue id="20" contact="False" min_dist="7.3" aa="LYS">59A</bs_residue>
      <bs_residue id="21" contact="False" min_dist="4.8" aa="LYS">112A</bs_residue>
      <bs_residue id="22" contact="False" min_dist="5.6" aa="LEU">105A</bs_residue>
      <bs_residue id="23" contact="False" min_dist="5.2" aa="GLU">56A</bs_residue>
      <bs_residue id="24" contact="False" min_dist="3.9" aa="MET">145A</bs_residue>
      <bs_residue id="25" contact="False" min_dist="2.9" aa="ALA">140A</bs_residue>
      <bs_residue id="26" contact="True" min_dist="2.5" aa="GLY">28A</bs_residue>
      <bs_residue id="27" contact="True" min_dist="2.8" aa="ALA">107A</bs_residue>
      <bs_residue id="28" contact="False" min_dist="6.9" aa="THR">54A</bs_residue>
      <bs_residue id="29" contact="False" min_dist="2.8" aa="SER">29A</bs_residue>
      <bs_residue id="30" contact="True" min_dist="3.3" aa="VAL">30A</bs_residue>
      <bs_residue id="31" contact="True" min_dist="2.6" aa="THR">109A</bs_residue>
      <bs_residue id="32" contact="True" min_dist="3.0" aa="ASN">108A</bs_residue>
      <bs_residue id="33" contact="False" min_dist="7.2" aa="PRO">139A</bs_residue>
      <bs_residue id="34" contact="True" min_dist="3.1" aa="ASP">106A</bs_residue>
      <bs_residue id="35" contact="False" min_dist="6.5" aa="PRO">104A</bs_residue>
    </bs_residues>
    <interactions>
      <hydrophobic_interactions>
        <hydrophobic_interaction id="1">
          <resnr>61</resnr>
          <restype>PHE</restype>
          <reschain>A</reschain>
          <resnr_lig>1</resnr_lig>
          <restype_lig>l02</restype_lig>
          <reschain_lig>C</reschain_lig>
          <dist>3.92</dist>
          <ligcarbonidx>1598</ligcarbonidx>
          <protcarbonidx>445</protcarbonidx>
          <ligcoo>
            <x>-14.024</x>
            <y>-13.623</y>
            <z>-0.436</z>
          </ligcoo>
          <protcoo>
            <x>-12.484</x>
            <y>-10.817</y>
            <z>1.826</z>
          </protcoo>
        </hydrophobic_interaction>
        <hydrophobic_interaction id="2">
          <resnr>61</resnr>
          <restype>PHE</restype>
          <reschain>A</reschain>
          <resnr_lig>1</resnr_lig>
          <restype_lig>l02</restype_lig>
          <reschain_lig>C</reschain_lig>
          <dist>3.63</dist>
          <ligcarbonidx>1594</ligcarbonidx>
          <protcarbonidx>446</protcarbonidx>
          <ligcoo>
            <x>-12.024</x>
            <y>-12.711</y>
            <z>-1.651</z>
          </ligcoo>
          <protcoo>
            <x>-12.520</x>
            <y>-9.998</y>
            <z>0.716</z>
          </protcoo>
        </hydrophobic_interaction>
      </hydrophobic_interactions>
      <hydrogen_bonds>
        <hydrogen_bond id="1">
          <resnr>28</resnr>
          <restype>GLY</restype>
          <reschain>A</reschain>
          <resnr_lig>1</resnr_lig>
          <restype_lig>l02</restype_lig>
          <reschain_lig>C</reschain_lig>
          <sidechain>False</sidechain>
          <dist_h-a>1.79</dist_h-a>
          <dist_d-a>2.63</dist_d-a>
          <don_angle>140.22</don_angle>
          <protisdon>True</protisdon>
          <donoridx>195</donoridx>
          <donortype>Nam</donortype>
          <acceptoridx>1603</acceptoridx>
          <acceptortype>O3</acceptortype>
          <ligcoo>
            <x>-10.946</x>
            <y>-3.058</y>
            <z>-3.647</z>
          </ligcoo>
          <protcoo>
            <x>-9.647</x>
            <y>-4.666</y>
            <z>-2.025</z>
          </protcoo>
        </hydrogen_bond>
        <hydrogen_bond id="2">
          <resnr>30</resnr>
          <restype>VAL</restype>
          <reschain>A</reschain>
          <resnr_lig>1</resnr_lig>
          <restype_lig>l02</restype_lig>
          <reschain_lig>C</reschain_lig>
          <sidechain>False</sidechain>
          <dist_h-a>2.41</dist_h-a>
          <dist_d-a>3.28</dist_d-a>
          <don_angle>146.14</don_angle>
          <protisdon>True</protisdon>
          <donoridx>205</donoridx>
          <donortype>Nam</donortype>
          <acceptoridx>1589</acceptoridx>
          <acceptortype>N2</acceptortype>
          <ligcoo>
            <x>-10.020</x>
            <y>-11.920</y>
            <z>-2.746</z>
          </ligcoo>
          <protcoo>
            <x>-8.521</x>
            <y>-10.688</y>
            <z>-0.104</z>
          </protcoo>
        </hydrogen_bond>
        <hydrogen_bond id="3">
          <resnr>55</resnr>
          <restype>THR</restype>
          <reschain>A</reschain>
          <resnr_lig>1</resnr_lig>
          <restype_lig>l02</restype_lig>
          <reschain_lig>C</reschain_lig>
          <sidechain>True</sidechain>
          <dist_h-a>1.74</dist_h-a>
          <dist_d-a>2.70</dist_d-a>
          <don_angle>166.65</don_angle>
          <protisdon>True</protisdon>
          <donoridx>391</donoridx>
          <donortype>O3</donortype>
          <acceptoridx>1603</acceptoridx>
          <acceptortype>O3</acceptortype>
          <ligcoo>
            <x>-10.946</x>
            <y>-3.058</y>
            <z>-3.647</z>
          </ligcoo>
          <protcoo>
            <x>-11.058</x>
            <y>-1.441</y>
            <z>-1.492</z>
          </protcoo>
        </hydrogen_bond>
        <hydrogen_bond id="4">
          <resnr>106</resnr>
          <restype>ASP</restype>
          <reschain>A</reschain>
          <resnr_lig>1</resnr_lig>
          <restype_lig>l02</restype_lig>
          <reschain_lig>C</reschain_lig>
          <sidechain>True</sidechain>
          <dist_h-a>2.22</dist_h-a>
          <dist_d-a>3.10</dist_d-a>
          <don_angle>149.12</don_angle>
          <protisdon>False</protisdon>
          <donoridx>1603</donoridx>
          <donortype>O3</donortype>
          <acceptoridx>822</acceptoridx>
          <acceptortype>O3</acceptortype>
          <ligcoo>
            <x>-10.946</x>
            <y>-3.058</y>
            <z>-3.647</z>
          </ligcoo>
          <protcoo>
            <x>-9.216</x>
            <y>-5.355</y>
            <z>-4.793</z>
          </protcoo>
        </hydrogen_bond>
        <hydrogen_bond id="5">
          <resnr>107</resnr>
          <restype>ALA</restype>
          <reschain>A</reschain>
          <resnr_lig>1</resnr_lig>
          <restype_lig>l02</restype_lig>
          <reschain_lig>C</reschain_lig>
          <sidechain>False</sidechain>
          <dist_h-a>1.85</dist_h-a>
          <dist_d-a>2.84</dist_d-a>
          <don_angle>175.10</don_angle>
          <protisdon>True</protisdon>
          <donoridx>823</donoridx>
          <donortype>Nam</donortype>
          <acceptoridx>1584</acceptoridx>
          <acceptortype>O2</acceptortype>
          <ligcoo>
            <x>-7.756</x>
            <y>-9.414</y>
            <z>-6.926</z>
          </ligcoo>
          <protcoo>
            <x>-6.437</x>
            <y>-7.257</y>
            <z>-8.210</z>
          </protcoo>
        </hydrogen_bond>
        <hydrogen_bond id="6">
          <resnr>108</resnr>
          <restype>ASN</restype>
          <reschain>A</reschain>
          <resnr_lig>1</resnr_lig>
          <restype_lig>l02</restype_lig>
          <reschain_lig>C</reschain_lig>
          <sidechain>True</sidechain>
          <dist_h-a>2.09</dist_h-a>
          <dist_d-a>3.04</dist_d-a>
          <don_angle>160.71</don_angle>
          <protisdon>True</protisdon>
          <donoridx>834</donoridx>
          <donortype>Nam</donortype>
          <acceptoridx>1599</acceptoridx>
          <acceptortype>O2</acceptortype>
          <ligcoo>
            <x>-10.461</x>
            <y>-2.889</y>
            <z>-6.129</z>
          </ligcoo>
          <protcoo>
            <x>-11.981</x>
            <y>-2.800</y>
            <z>-8.755</z>
          </protcoo>
        </hydrogen_bond>
        <hydrogen_bond id="7">
          <resnr>109</resnr>
          <restype>THR</restype>
          <reschain>A</reschain>
          <resnr_lig>1</resnr_lig>
          <restype_lig>l02</restype_lig>
          <reschain_lig>C</reschain_lig>
          <sidechain>False</sidechain>
          <dist_h-a>3.17</dist_h-a>
          <dist_d-a>3.61</dist_d-a>
          <don_angle>108.74</don_angle>
          <protisdon>True</protisdon>
          <donoridx>836</donoridx>
          <donortype>Nam</donortype>
          <acceptoridx>1599</acceptoridx>
          <acceptortype>O2</acceptortype>
          <ligcoo>
            <x>-10.461</x>
            <y>-2.889</y>
            <z>-6.129</z>
          </ligcoo>
          <protcoo>
            <x>-7.996</x>
            <y>-3.017</y>
            <z>-8.767</z>
          </protcoo>
        </hydrogen_bond>
        <hydrogen_bond id="8">
          <resnr>109</resnr>
          <restype>THR</restype>
          <reschain>A</reschain>
          <resnr_lig>1</resnr_lig>
          <restype_lig>l02</restype_lig>
          <reschain_lig>C</reschain_lig>
          <sidechain>True</sidechain>
          <dist_h-a>1.81</dist_h-a>
          <dist_d-a>2.61</dist_d-a>
          <don_angle>137.78</don_angle>
          <protisdon>True</protisdon>
          <donoridx>842</donoridx>
          <donortype>O3</donortype>
          <acceptoridx>1599</acceptoridx>
          <acceptortype>O2</acceptortype>
          <ligcoo>
            <x>-10.461</x>
            <y>-2.889</y>
            <z>-6.129</z>
          </ligcoo>
          <protcoo>
            <x>-8.364</x>
            <y>-1.363</y>
            <z>-6.449</z>
          </protcoo>
        </hydrogen_bond>
      </hydrogen_bonds>
      <water_bridges/>
      <salt_bridges/>
      <pi_stacks/>
      <pi_cation_interactions/>
      <halogen_bonds/>
      <metal_complexes/>
    </interactions>
    <mappings>
      <smiles_to_pdb>16:1581,2:1582,8:1583,1:1584,4:1585,3:1586,5:1587,6:1588,25:1589,22:1590,24:1591,9:1592,21:1593,26:1594,20:1595,27:1596,15:1597,31:1598,17:1599,28:1600,18:1601,30:1602,19:1603,29:1604,23:1605,7:1606,10:1607,11:1608,12:1609,13:1610,14:1611</smiles_to_pdb>
    </mappings>
  </bindingsite>
  <date_of_creation>2025/08/07</date_of_creation>
  <citation_information>Adasme,M. et al. PLIP 2021: expanding the scope of the protein-ligand interaction profiler to DNA and RNA. Nucl. Acids Res. (05 May 2021), gkab294. doi: 10.1093/nar/gkab294</citation_information>
  <maintainer_information>PharmAI GmbH (2020-2021) - www.pharm.ai - hello@pharm.ai</maintainer_information>
  <mode>default</mode>
  <pdbid>_PROTEIN</pdbid>
  <model>1</model>
  <filetype>PDB</filetype>
  <pdbfile>./plipfixed.0WO_docked_complex_zkzahi40.pdb</pdbfile>
  <pdbfixes>True</pdbfixes>
  <filename>plipfixed.0WO_docked_complex_zkzahi40.pdb</filename>
  <excluded_ligands/>
  <covlinkages/>
</report>
