<?xml version='1.0' encoding='ASCII'?>
<report>
  <plipversion>2.4.0</plipversion>
  <bindingsite id="1" has_interactions="True">
    <identifiers>
      <longname>UNL</longname>
      <ligtype>SMALLMOLECULE</ligtype>
      <hetid>UNL</hetid>
      <chain>Z</chain>
      <position>1</position>
      <composite>False</composite>
      <members>
        <member id="1">UNL:Z:1</member>
      </members>
      <smiles>N#CC1=C2SC(=[N]=C2C=C[C@@H]1Oc1ccc(c(c1)[N]C(=O)Cc1cccc(c1)C(F)(F)F)F)[N]C(=O)C1CC1</smiles>
      <inchikey>GCHLEWORPLVLAE-UHFFFAOYSA-N
</inchikey>
    </identifiers>
    <lig_properties>
      <num_heavy_atoms>39</num_heavy_atoms>
      <num_hbd>2</num_hbd>
      <num_unpaired_hbd>2</num_unpaired_hbd>
      <num_hba>5</num_hba>
      <num_unpaired_hba>2</num_unpaired_hba>
      <num_hal>4</num_hal>
      <num_unpaired_hal>3</num_unpaired_hal>
      <num_aromatic_rings>4</num_aromatic_rings>
      <num_rotatable_bonds>10</num_rotatable_bonds>
      <molweight>553.5074928</molweight>
      <logp>0.0</logp>
    </lig_properties>
    <interacting_chains>
      <interacting_chain id="1">A</interacting_chain>
    </interacting_chains>
    <bs_residues>
      <bs_residue id="1" contact="False" min_dist="5.1" aa="ALA">114A</bs_residue>
      <bs_residue id="2" contact="False" min_dist="3.1" aa="ASP">130A</bs_residue>
      <bs_residue id="3" contact="False" min_dist="6.5" aa="ALA">160A</bs_residue>
      <bs_residue id="4" contact="False" min_dist="2.9" aa="SER">206A</bs_residue>
      <bs_residue id="5" contact="False" min_dist="3.5" aa="GLY">116A</bs_residue>
      <bs_residue id="6" contact="False" min_dist="6.7" aa="LEU">135A</bs_residue>
      <bs_residue id="7" contact="False" min_dist="4.8" aa="ALA">128A</bs_residue>
      <bs_residue id="8" contact="False" min_dist="6.3" aa="LYS">133A</bs_residue>
      <bs_residue id="9" contact="False" min_dist="3.0" aa="VAL">113A</bs_residue>
      <bs_residue id="10" contact="False" min_dist="5.9" aa="GLN">205A</bs_residue>
      <bs_residue id="11" contact="False" min_dist="3.3" aa="TYR">163A</bs_residue>
      <bs_residue id="12" contact="False" min_dist="6.6" aa="CYS">124A</bs_residue>
      <bs_residue id="13" contact="False" min_dist="6.4" aa="GLN">157A</bs_residue>
      <bs_residue id="14" contact="False" min_dist="4.7" aa="ILE">117A</bs_residue>
      <bs_residue id="15" contact="False" min_dist="5.5" aa="LEU">158A</bs_residue>
      <bs_residue id="16" contact="True" min_dist="3.3" aa="PHE">161A</bs_residue>
      <bs_residue id="17" contact="True" min_dist="3.0" aa="MET">126A</bs_residue>
      <bs_residue id="18" contact="False" min_dist="7.4" aa="LEU">110A</bs_residue>
      <bs_residue id="19" contact="False" min_dist="4.3" aa="GLN">204A</bs_residue>
      <bs_residue id="20" contact="True" min_dist="2.9" aa="ARG">131A</bs_residue>
      <bs_residue id="21" contact="False" min_dist="6.2" aa="VAL">125A</bs_residue>
      <bs_residue id="22" contact="True" min_dist="3.0" aa="SER">132A</bs_residue>
      <bs_residue id="23" contact="False" min_dist="6.8" aa="GLY">162A</bs_residue>
      <bs_residue id="24" contact="False" min_dist="5.3" aa="SER">115A</bs_residue>
      <bs_residue id="25" contact="False" min_dist="3.6" aa="TRP">129A</bs_residue>
      <bs_residue id="26" contact="True" min_dist="3.2" aa="ARG">94A</bs_residue>
      <bs_residue id="27" contact="False" min_dist="5.2" aa="THR">123A</bs_residue>
      <bs_residue id="28" contact="False" min_dist="3.0" aa="ARG">127A</bs_residue>
      <bs_residue id="29" contact="False" min_dist="6.4" aa="CYS">118A</bs_residue>
      <bs_residue id="30" contact="False" min_dist="4.7" aa="LYS">112A</bs_residue>
    </bs_residues>
    <interactions>
      <hydrophobic_interactions>
        <hydrophobic_interaction id="1">
          <resnr>131</resnr>
          <restype>ARG</restype>
          <reschain>A</reschain>
          <resnr_lig>1</resnr_lig>
          <restype_lig>UNL</restype_lig>
          <reschain_lig>Z</reschain_lig>
          <dist>3.78</dist>
          <ligcarbonidx>1636</ligcarbonidx>
          <protcarbonidx>1003</protcarbonidx>
          <ligcoo>
            <x>4.784</x>
            <y>14.211</y>
            <z>-10.765</z>
          </ligcoo>
          <protcoo>
            <x>5.176</x>
            <y>10.461</y>
            <z>-10.533</z>
          </protcoo>
        </hydrophobic_interaction>
        <hydrophobic_interaction id="2">
          <resnr>131</resnr>
          <restype>ARG</restype>
          <reschain>A</reschain>
          <resnr_lig>1</resnr_lig>
          <restype_lig>UNL</restype_lig>
          <reschain_lig>Z</reschain_lig>
          <dist>3.71</dist>
          <ligcarbonidx>1637</ligcarbonidx>
          <protcarbonidx>1002</protcarbonidx>
          <ligcoo>
            <x>6.090</x>
            <y>14.560</y>
            <z>-10.386</z>
          </ligcoo>
          <protcoo>
            <x>6.519</x>
            <y>10.896</y>
            <z>-9.950</z>
          </protcoo>
        </hydrophobic_interaction>
        <hydrophobic_interaction id="3">
          <resnr>161</resnr>
          <restype>PHE</restype>
          <reschain>A</reschain>
          <resnr_lig>1</resnr_lig>
          <restype_lig>UNL</restype_lig>
          <reschain_lig>Z</reschain_lig>
          <dist>3.79</dist>
          <ligcarbonidx>1623</ligcarbonidx>
          <protcarbonidx>1243</protcarbonidx>
          <ligcoo>
            <x>2.539</x>
            <y>8.524</y>
            <z>-14.219</z>
          </ligcoo>
          <protcoo>
            <x>3.090</x>
            <y>4.915</y>
            <z>-15.255</z>
          </protcoo>
        </hydrophobic_interaction>
      </hydrophobic_interactions>
      <hydrogen_bonds>
        <hydrogen_bond id="1">
          <resnr>94</resnr>
          <restype>ARG</restype>
          <reschain>A</reschain>
          <resnr_lig>1</resnr_lig>
          <restype_lig>UNL</restype_lig>
          <reschain_lig>Z</reschain_lig>
          <sidechain>True</sidechain>
          <dist_h-a>2.49</dist_h-a>
          <dist_d-a>3.19</dist_d-a>
          <don_angle>128.13</don_angle>
          <protisdon>True</protisdon>
          <donoridx>724</donoridx>
          <donortype>Ng+</donortype>
          <acceptoridx>1652</acceptoridx>
          <acceptortype>N1</acceptortype>
          <ligcoo>
            <x>1.926</x>
            <y>17.798</y>
            <z>-9.084</z>
          </ligcoo>
          <protcoo>
            <x>0.978</x>
            <y>15.623</y>
            <z>-6.948</z>
          </protcoo>
        </hydrogen_bond>
        <hydrogen_bond id="2">
          <resnr>94</resnr>
          <restype>ARG</restype>
          <reschain>A</reschain>
          <resnr_lig>1</resnr_lig>
          <restype_lig>UNL</restype_lig>
          <reschain_lig>Z</reschain_lig>
          <sidechain>True</sidechain>
          <dist_h-a>2.65</dist_h-a>
          <dist_d-a>3.32</dist_d-a>
          <don_angle>125.23</don_angle>
          <protisdon>True</protisdon>
          <donoridx>725</donoridx>
          <donortype>Ng+</donortype>
          <acceptoridx>1652</acceptoridx>
          <acceptortype>N1</acceptortype>
          <ligcoo>
            <x>1.926</x>
            <y>17.798</y>
            <z>-9.084</z>
          </ligcoo>
          <protcoo>
            <x>2.727</x>
            <y>16.795</y>
            <z>-6.023</z>
          </protcoo>
        </hydrogen_bond>
        <hydrogen_bond id="3">
          <resnr>131</resnr>
          <restype>ARG</restype>
          <reschain>A</reschain>
          <resnr_lig>1</resnr_lig>
          <restype_lig>UNL</restype_lig>
          <reschain_lig>Z</reschain_lig>
          <sidechain>True</sidechain>
          <dist_h-a>2.28</dist_h-a>
          <dist_d-a>2.86</dist_d-a>
          <don_angle>117.36</don_angle>
          <protisdon>True</protisdon>
          <donoridx>1007</donoridx>
          <donortype>Ng+</donortype>
          <acceptoridx>1620</acceptoridx>
          <acceptortype>O2</acceptortype>
          <ligcoo>
            <x>3.395</x>
            <y>10.593</y>
            <z>-15.055</z>
          </ligcoo>
          <protcoo>
            <x>6.160</x>
            <y>9.961</y>
            <z>-14.655</z>
          </protcoo>
        </hydrogen_bond>
        <hydrogen_bond id="4">
          <resnr>132</resnr>
          <restype>SER</restype>
          <reschain>A</reschain>
          <resnr_lig>1</resnr_lig>
          <restype_lig>UNL</restype_lig>
          <reschain_lig>Z</reschain_lig>
          <sidechain>True</sidechain>
          <dist_h-a>2.33</dist_h-a>
          <dist_d-a>3.02</dist_d-a>
          <don_angle>127.56</don_angle>
          <protisdon>True</protisdon>
          <donoridx>1014</donoridx>
          <donortype>O3</donortype>
          <acceptoridx>1646</acceptoridx>
          <acceptortype>O2</acceptortype>
          <ligcoo>
            <x>8.397</x>
            <y>17.117</y>
            <z>-5.901</z>
          </ligcoo>
          <protcoo>
            <x>9.061</x>
            <y>14.258</y>
            <z>-5.171</z>
          </protcoo>
        </hydrogen_bond>
      </hydrogen_bonds>
      <water_bridges/>
      <salt_bridges/>
      <pi_stacks>
        <pi_stack id="1">
          <resnr>161</resnr>
          <restype>PHE</restype>
          <reschain>A</reschain>
          <resnr_lig>1</resnr_lig>
          <restype_lig>UNL</restype_lig>
          <reschain_lig>Z</reschain_lig>
          <prot_idx_list>
            <idx id="1">1241</idx>
            <idx id="2">1242</idx>
            <idx id="3">1243</idx>
            <idx id="4">1244</idx>
            <idx id="5">1245</idx>
            <idx id="6">1246</idx>
          </prot_idx_list>
          <centdist>3.77</centdist>
          <angle>1.38</angle>
          <offset>0.98</offset>
          <type>P</type>
          <lig_idx_list>
            <idx id="1">1624</idx>
            <idx id="2">1625</idx>
            <idx id="3">1626</idx>
            <idx id="4">1627</idx>
            <idx id="5">1628</idx>
            <idx id="6">1629</idx>
          </lig_idx_list>
          <ligcoo>
            <x>-0.178</x>
            <y>7.518</y>
            <z>-14.522</z>
          </ligcoo>
          <protcoo>
            <x>1.897</x>
            <y>4.384</y>
            <z>-14.810</z>
          </protcoo>
        </pi_stack>
      </pi_stacks>
      <pi_cation_interactions/>
      <halogen_bonds>
        <halogen_bond id="1">
          <resnr>126</resnr>
          <restype>MET</restype>
          <reschain>A</reschain>
          <resnr_lig>1</resnr_lig>
          <restype_lig>UNL</restype_lig>
          <reschain_lig>Z</reschain_lig>
          <sidechain>False</sidechain>
          <dist>2.98</dist>
          <don_angle>159.73</don_angle>
          <acc_angle>94.53</acc_angle>
          <don_idx>1631</don_idx>
          <donortype>F</donortype>
          <acc_idx>955</acc_idx>
          <acceptortype>O2</acceptortype>
          <ligcoo>
            <x>-1.056</x>
            <y>8.454</y>
            <z>-8.522</z>
          </ligcoo>
          <protcoo>
            <x>-1.639</x>
            <y>7.223</y>
            <z>-11.175</z>
          </protcoo>
        </halogen_bond>
      </halogen_bonds>
      <metal_complexes/>
    </interactions>
    <mappings>
      <smiles_to_pdb>23:1612,24:1613,19:1614,20:1615,21:1616,22:1617,39:1618,26:1619,38:1620,25:1621,27:1623,30:1624,29:1625,28:1626,33:1627,32:1628,31:1629,34:1630,35:1631,36:1632,37:1633,18:1634,4:1635,5:1636,6:1637,7:1638,8:1639,3:1640,9:1641,10:1642,11:1643,12:1644,13:1645,17:1646,14:1648,15:1649,16:1650,2:1651,1:1652</smiles_to_pdb>
    </mappings>
  </bindingsite>
  <bindingsite id="2" has_interactions="True">
    <identifiers>
      <longname>l02</longname>
      <ligtype>SMALLMOLECULE</ligtype>
      <hetid>l02</hetid>
      <chain>C</chain>
      <position>1</position>
      <composite>False</composite>
      <members>
        <member id="1">l02:C:1</member>
      </members>
      <smiles>O[C@H]([C@@H]([C@@H](COP(=O)(O)O)O)O)CN1C2=C[C@H](C)C(=CC2=[N]=C2C1=[N]=[C](=O)=[N]=[C]2=O)C</smiles>
      <inchikey>BYQBWSUSWGDNTE-ROXZZAAPSA-N
</inchikey>
    </identifiers>
    <lig_properties>
      <num_heavy_atoms>31</num_heavy_atoms>
      <num_hbd>5</num_hbd>
      <num_unpaired_hbd>4</num_unpaired_hbd>
      <num_hba>12</num_hba>
      <num_unpaired_hba>8</num_unpaired_hba>
      <num_hal>0</num_hal>
      <num_unpaired_hal>0</num_unpaired_hal>
      <num_aromatic_rings>3</num_aromatic_rings>
      <num_rotatable_bonds>7</num_rotatable_bonds>
      <molweight>456.34380099999987</molweight>
      <logp>0.0</logp>
    </lig_properties>
    <interacting_chains>
      <interacting_chain id="1">A</interacting_chain>
    </interacting_chains>
    <bs_residues>
      <bs_residue id="1" contact="False" min_dist="2.9" aa="ALA">140A</bs_residue>
      <bs_residue id="2" contact="False" min_dist="2.8" aa="SER">29A</bs_residue>
      <bs_residue id="3" contact="False" min_dist="7.5" aa="ALA">182A</bs_residue>
      <bs_residue id="4" contact="True" min_dist="2.6" aa="THR">109A</bs_residue>
      <bs_residue id="5" contact="False" min_dist="5.4" aa="VAL">174A</bs_residue>
      <bs_residue id="6" contact="False" min_dist="7.3" aa="LYS">59A</bs_residue>
      <bs_residue id="7" contact="False" min_dist="6.8" aa="ALA">32A</bs_residue>
      <bs_residue id="8" contact="False" min_dist="6.9" aa="THR">54A</bs_residue>
      <bs_residue id="9" contact="True" min_dist="3.1" aa="ASP">106A</bs_residue>
      <bs_residue id="10" contact="False" min_dist="7.2" aa="PRO">139A</bs_residue>
      <bs_residue id="11" contact="False" min_dist="4.5" aa="ALA">58A</bs_residue>
      <bs_residue id="12" contact="False" min_dist="3.9" aa="MET">145A</bs_residue>
      <bs_residue id="13" contact="True" min_dist="2.7" aa="THR">55A</bs_residue>
      <bs_residue id="14" contact="False" min_dist="3.6" aa="THR">27A</bs_residue>
      <bs_residue id="15" contact="False" min_dist="4.5" aa="ASN">142A</bs_residue>
      <bs_residue id="16" contact="False" min_dist="4.7" aa="ALA">31A</bs_residue>
      <bs_residue id="17" contact="True" min_dist="2.5" aa="GLY">28A</bs_residue>
      <bs_residue id="18" contact="False" min_dist="7.0" aa="LEU">122A</bs_residue>
      <bs_residue id="19" contact="True" min_dist="3.0" aa="ASN">108A</bs_residue>
      <bs_residue id="20" contact="False" min_dist="7.2" aa="HIS">60A</bs_residue>
      <bs_residue id="21" contact="False" min_dist="6.2" aa="LEU">110A</bs_residue>
      <bs_residue id="22" contact="False" min_dist="5.2" aa="GLU">56A</bs_residue>
      <bs_residue id="23" contact="False" min_dist="5.6" aa="LEU">105A</bs_residue>
      <bs_residue id="24" contact="False" min_dist="5.4" aa="VAL">26A</bs_residue>
      <bs_residue id="25" contact="True" min_dist="3.6" aa="PHE">61A</bs_residue>
      <bs_residue id="26" contact="True" min_dist="3.3" aa="VAL">30A</bs_residue>
      <bs_residue id="27" contact="False" min_dist="4.2" aa="ASN">120A</bs_residue>
      <bs_residue id="28" contact="False" min_dist="6.5" aa="PRO">104A</bs_residue>
      <bs_residue id="29" contact="True" min_dist="2.8" aa="ALA">107A</bs_residue>
      <bs_residue id="30" contact="False" min_dist="3.3" aa="MET">141A</bs_residue>
      <bs_residue id="31" contact="False" min_dist="5.9" aa="GLY">181A</bs_residue>
      <bs_residue id="32" contact="False" min_dist="7.5" aa="MET">183A</bs_residue>
      <bs_residue id="33" contact="False" min_dist="7.3" aa="LEU">173A</bs_residue>
      <bs_residue id="34" contact="False" min_dist="4.8" aa="LYS">112A</bs_residue>
      <bs_residue id="35" contact="False" min_dist="3.6" aa="ARG">57A</bs_residue>
    </bs_residues>
    <interactions>
      <hydrophobic_interactions>
        <hydrophobic_interaction id="1">
          <resnr>61</resnr>
          <restype>PHE</restype>
          <reschain>A</reschain>
          <resnr_lig>1</resnr_lig>
          <restype_lig>l02</restype_lig>
          <reschain_lig>C</reschain_lig>
          <dist>3.92</dist>
          <ligcarbonidx>1598</ligcarbonidx>
          <protcarbonidx>445</protcarbonidx>
          <ligcoo>
            <x>-14.024</x>
            <y>-13.623</y>
            <z>-0.436</z>
          </ligcoo>
          <protcoo>
            <x>-12.484</x>
            <y>-10.817</y>
            <z>1.826</z>
          </protcoo>
        </hydrophobic_interaction>
        <hydrophobic_interaction id="2">
          <resnr>61</resnr>
          <restype>PHE</restype>
          <reschain>A</reschain>
          <resnr_lig>1</resnr_lig>
          <restype_lig>l02</restype_lig>
          <reschain_lig>C</reschain_lig>
          <dist>3.63</dist>
          <ligcarbonidx>1594</ligcarbonidx>
          <protcarbonidx>446</protcarbonidx>
          <ligcoo>
            <x>-12.024</x>
            <y>-12.711</y>
            <z>-1.651</z>
          </ligcoo>
          <protcoo>
            <x>-12.520</x>
            <y>-9.998</y>
            <z>0.716</z>
          </protcoo>
        </hydrophobic_interaction>
      </hydrophobic_interactions>
      <hydrogen_bonds>
        <hydrogen_bond id="1">
          <resnr>28</resnr>
          <restype>GLY</restype>
          <reschain>A</reschain>
          <resnr_lig>1</resnr_lig>
          <restype_lig>l02</restype_lig>
          <reschain_lig>C</reschain_lig>
          <sidechain>False</sidechain>
          <dist_h-a>1.79</dist_h-a>
          <dist_d-a>2.63</dist_d-a>
          <don_angle>140.22</don_angle>
          <protisdon>True</protisdon>
          <donoridx>195</donoridx>
          <donortype>Nam</donortype>
          <acceptoridx>1603</acceptoridx>
          <acceptortype>O3</acceptortype>
          <ligcoo>
            <x>-10.946</x>
            <y>-3.058</y>
            <z>-3.647</z>
          </ligcoo>
          <protcoo>
            <x>-9.647</x>
            <y>-4.666</y>
            <z>-2.025</z>
          </protcoo>
        </hydrogen_bond>
        <hydrogen_bond id="2">
          <resnr>30</resnr>
          <restype>VAL</restype>
          <reschain>A</reschain>
          <resnr_lig>1</resnr_lig>
          <restype_lig>l02</restype_lig>
          <reschain_lig>C</reschain_lig>
          <sidechain>False</sidechain>
          <dist_h-a>2.41</dist_h-a>
          <dist_d-a>3.28</dist_d-a>
          <don_angle>146.14</don_angle>
          <protisdon>True</protisdon>
          <donoridx>205</donoridx>
          <donortype>Nam</donortype>
          <acceptoridx>1589</acceptoridx>
          <acceptortype>N2</acceptortype>
          <ligcoo>
            <x>-10.020</x>
            <y>-11.920</y>
            <z>-2.746</z>
          </ligcoo>
          <protcoo>
            <x>-8.521</x>
            <y>-10.688</y>
            <z>-0.104</z>
          </protcoo>
        </hydrogen_bond>
        <hydrogen_bond id="3">
          <resnr>55</resnr>
          <restype>THR</restype>
          <reschain>A</reschain>
          <resnr_lig>1</resnr_lig>
          <restype_lig>l02</restype_lig>
          <reschain_lig>C</reschain_lig>
          <sidechain>True</sidechain>
          <dist_h-a>1.74</dist_h-a>
          <dist_d-a>2.70</dist_d-a>
          <don_angle>166.65</don_angle>
          <protisdon>True</protisdon>
          <donoridx>391</donoridx>
          <donortype>O3</donortype>
          <acceptoridx>1603</acceptoridx>
          <acceptortype>O3</acceptortype>
          <ligcoo>
            <x>-10.946</x>
            <y>-3.058</y>
            <z>-3.647</z>
          </ligcoo>
          <protcoo>
            <x>-11.058</x>
            <y>-1.441</y>
            <z>-1.492</z>
          </protcoo>
        </hydrogen_bond>
        <hydrogen_bond id="4">
          <resnr>106</resnr>
          <restype>ASP</restype>
          <reschain>A</reschain>
          <resnr_lig>1</resnr_lig>
          <restype_lig>l02</restype_lig>
          <reschain_lig>C</reschain_lig>
          <sidechain>True</sidechain>
          <dist_h-a>2.22</dist_h-a>
          <dist_d-a>3.10</dist_d-a>
          <don_angle>149.12</don_angle>
          <protisdon>False</protisdon>
          <donoridx>1603</donoridx>
          <donortype>O3</donortype>
          <acceptoridx>822</acceptoridx>
          <acceptortype>O3</acceptortype>
          <ligcoo>
            <x>-10.946</x>
            <y>-3.058</y>
            <z>-3.647</z>
          </ligcoo>
          <protcoo>
            <x>-9.216</x>
            <y>-5.355</y>
            <z>-4.793</z>
          </protcoo>
        </hydrogen_bond>
        <hydrogen_bond id="5">
          <resnr>107</resnr>
          <restype>ALA</restype>
          <reschain>A</reschain>
          <resnr_lig>1</resnr_lig>
          <restype_lig>l02</restype_lig>
          <reschain_lig>C</reschain_lig>
          <sidechain>False</sidechain>
          <dist_h-a>1.85</dist_h-a>
          <dist_d-a>2.84</dist_d-a>
          <don_angle>175.10</don_angle>
          <protisdon>True</protisdon>
          <donoridx>823</donoridx>
          <donortype>Nam</donortype>
          <acceptoridx>1584</acceptoridx>
          <acceptortype>O2</acceptortype>
          <ligcoo>
            <x>-7.756</x>
            <y>-9.414</y>
            <z>-6.926</z>
          </ligcoo>
          <protcoo>
            <x>-6.437</x>
            <y>-7.257</y>
            <z>-8.210</z>
          </protcoo>
        </hydrogen_bond>
        <hydrogen_bond id="6">
          <resnr>108</resnr>
          <restype>ASN</restype>
          <reschain>A</reschain>
          <resnr_lig>1</resnr_lig>
          <restype_lig>l02</restype_lig>
          <reschain_lig>C</reschain_lig>
          <sidechain>True</sidechain>
          <dist_h-a>2.09</dist_h-a>
          <dist_d-a>3.04</dist_d-a>
          <don_angle>160.71</don_angle>
          <protisdon>True</protisdon>
          <donoridx>834</donoridx>
          <donortype>Nam</donortype>
          <acceptoridx>1599</acceptoridx>
          <acceptortype>O2</acceptortype>
          <ligcoo>
            <x>-10.461</x>
            <y>-2.889</y>
            <z>-6.129</z>
          </ligcoo>
          <protcoo>
            <x>-11.981</x>
            <y>-2.800</y>
            <z>-8.755</z>
          </protcoo>
        </hydrogen_bond>
        <hydrogen_bond id="7">
          <resnr>109</resnr>
          <restype>THR</restype>
          <reschain>A</reschain>
          <resnr_lig>1</resnr_lig>
          <restype_lig>l02</restype_lig>
          <reschain_lig>C</reschain_lig>
          <sidechain>False</sidechain>
          <dist_h-a>3.17</dist_h-a>
          <dist_d-a>3.61</dist_d-a>
          <don_angle>108.74</don_angle>
          <protisdon>True</protisdon>
          <donoridx>836</donoridx>
          <donortype>Nam</donortype>
          <acceptoridx>1599</acceptoridx>
          <acceptortype>O2</acceptortype>
          <ligcoo>
            <x>-10.461</x>
            <y>-2.889</y>
            <z>-6.129</z>
          </ligcoo>
          <protcoo>
            <x>-7.996</x>
            <y>-3.017</y>
            <z>-8.767</z>
          </protcoo>
        </hydrogen_bond>
        <hydrogen_bond id="8">
          <resnr>109</resnr>
          <restype>THR</restype>
          <reschain>A</reschain>
          <resnr_lig>1</resnr_lig>
          <restype_lig>l02</restype_lig>
          <reschain_lig>C</reschain_lig>
          <sidechain>True</sidechain>
          <dist_h-a>1.81</dist_h-a>
          <dist_d-a>2.61</dist_d-a>
          <don_angle>137.78</don_angle>
          <protisdon>True</protisdon>
          <donoridx>842</donoridx>
          <donortype>O3</donortype>
          <acceptoridx>1599</acceptoridx>
          <acceptortype>O2</acceptortype>
          <ligcoo>
            <x>-10.461</x>
            <y>-2.889</y>
            <z>-6.129</z>
          </ligcoo>
          <protcoo>
            <x>-8.364</x>
            <y>-1.363</y>
            <z>-6.449</z>
          </protcoo>
        </hydrogen_bond>
      </hydrogen_bonds>
      <water_bridges/>
      <salt_bridges/>
      <pi_stacks/>
      <pi_cation_interactions/>
      <halogen_bonds/>
      <metal_complexes/>
    </interactions>
    <mappings>
      <smiles_to_pdb>16:1581,2:1582,8:1583,1:1584,4:1585,3:1586,5:1587,6:1588,25:1589,22:1590,24:1591,9:1592,21:1593,26:1594,20:1595,27:1596,15:1597,31:1598,17:1599,28:1600,18:1601,30:1602,19:1603,29:1604,23:1605,7:1606,10:1607,11:1608,12:1609,13:1610,14:1611</smiles_to_pdb>
    </mappings>
  </bindingsite>
  <date_of_creation>2025/08/07</date_of_creation>
  <citation_information>Adasme,M. et al. PLIP 2021: expanding the scope of the protein-ligand interaction profiler to DNA and RNA. Nucl. Acids Res. (05 May 2021), gkab294. doi: 10.1093/nar/gkab294</citation_information>
  <maintainer_information>PharmAI GmbH (2020-2021) - www.pharm.ai - hello@pharm.ai</maintainer_information>
  <mode>default</mode>
  <pdbid>_PROTEIN</pdbid>
  <model>1</model>
  <filetype>PDB</filetype>
  <pdbfile>./plipfixed.1SU_docked_complex_3l0an5_l.pdb</pdbfile>
  <pdbfixes>True</pdbfixes>
  <filename>plipfixed.1SU_docked_complex_3l0an5_l.pdb</filename>
  <excluded_ligands/>
  <covlinkages/>
</report>
